3,-5,HHipViwwrrh0tw0zyjcMDZXUbek=,oIBbVek2SjhGXecc1vUMgODGS2s=
4,-5,HHipViwwrrh0tw0zyjcMDZXUbek=,t/ubv7aTjNdnAJa+RNyJ84pWSJs=
2,-2,HHipViwwrrh0tw0zyjcMDZXUbek=,klAT6itsxxfzjBwqCdh3Vr4rySk=
2,-4,HHipViwwrrh0tw0zyjcMDZXUbek=,wMk+nazBdunk/gQKPpjXk1vxjag=
3,-4,HHipViwwrrh0tw0zyjcMDZXUbek=,wMk+nazBdunk/gQKPpjXk1vxjag=
1,-5,HHipViwwrrh0tw0zyjcMDZXUbek=,oIBbVek2SjhGXecc1vUMgODGS2s=
1,-4,HHipViwwrrh0tw0zyjcMDZXUbek=,cL+ZBQIidh93xhlakMa1ne+QP+I=
4,-4,HHipViwwrrh0tw0zyjcMDZXUbek=,mMJDY5zfK8kGbC9agzbD9BtZI+k=
2,-5,HHipViwwrrh0tw0zyjcMDZXUbek=,oIBbVek2SjhGXecc1vUMgODGS2s=
1,-3,HHipViwwrrh0tw0zyjcMDZXUbek=,cL+ZBQIidh93xhlakMa1ne+QP+I=
1,-2,HHipViwwrrh0tw0zyjcMDZXUbek=,3ANwdAayeJKe/QLzuoyymOAtscY=
0,-3,HHipViwwrrh0tw0zyjcMDZXUbek=,cL+ZBQIidh93xhlakMa1ne+QP+I=
2,-3,HHipViwwrrh0tw0zyjcMDZXUbek=,wMk+nazBdunk/gQKPpjXk1vxjag=
0,-2,HHipViwwrrh0tw0zyjcMDZXUbek=,3ANwdAayeJKe/QLzuoyymOAtscY=
0,-5,HHipViwwrrh0tw0zyjcMDZXUbek=,oIBbVek2SjhGXecc1vUMgODGS2s=
1,-1,HHipViwwrrh0tw0zyjcMDZXUbek=,3ANwdAayeJKe/QLzuoyymOAtscY=
0,-4,HHipViwwrrh0tw0zyjcMDZXUbek=,cL+ZBQIidh93xhlakMa1ne+QP+I=
2,-1,HHipViwwrrh0tw0zyjcMDZXUbek=,klAT6itsxxfzjBwqCdh3Vr4rySk=
3,-1,HHipViwwrrh0tw0zyjcMDZXUbek=,klAT6itsxxfzjBwqCdh3Vr4rySk=
4,-3,HHipViwwrrh0tw0zyjcMDZXUbek=,mMJDY5zfK8kGbC9agzbD9BtZI+k=
4,-2,HHipViwwrrh0tw0zyjcMDZXUbek=,+cJiMO6975ssBftjgtKbFLKForU=
3,-3,HHipViwwrrh0tw0zyjcMDZXUbek=,wMk+nazBdunk/gQKPpjXk1vxjag=
4,-1,HHipViwwrrh0tw0zyjcMDZXUbek=,+cJiMO6975ssBftjgtKbFLKForU=
3,-2,HHipViwwrrh0tw0zyjcMDZXUbek=,klAT6itsxxfzjBwqCdh3Vr4rySk=
0,-1,HHipViwwrrh0tw0zyjcMDZXUbek=,3ANwdAayeJKe/QLzuoyymOAtscY=
